{"options":{},"indexes":[{"v":1,"key":{"_id":1},"name":"_id_","ns":"meteor.users"},{"v":1,"unique":true,"key":{"username":1},"name":"username_1","ns":"meteor.users","sparse":1},{"v":1,"unique":true,"key":{"emails.address":1},"name":"emails.address_1","ns":"meteor.users","sparse":1},{"v":1,"unique":true,"key":{"services.resume.loginTokens.hashedToken":1},"name":"services.resume.loginTokens.hashedToken_1","ns":"meteor.users","sparse":1},{"v":1,"unique":true,"key":{"services.resume.loginTokens.token":1},"name":"services.resume.loginTokens.token_1","ns":"meteor.users","sparse":1},{"v":1,"key":{"services.resume.haveLoginTokensToDelete":1},"name":"services.resume.haveLoginTokensToDelete_1","ns":"meteor.users","sparse":1},{"v":1,"key":{"services.resume.loginTokens.when":1},"name":"services.resume.loginTokens.when_1","ns":"meteor.users","sparse":1},{"v":1,"unique":true,"key":{"services.email.verificationTokens.token":1},"name":"services.email.verificationTokens.token_1","ns":"meteor.users","sparse":1},{"v":1,"unique":true,"key":{"services.password.reset.token":1},"name":"services.password.reset.token_1","ns":"meteor.users","sparse":1}]}